N,NThreads,Run,ExecutionTime
64,1,0,0.003684
64,1,1,0.003395
64,1,2,0.003796
64,1,3,0.003636
64,1,4,0.003756
64,1,5,0.003780
64,1,6,0.002454
64,1,7,0.002892
64,1,8,0.003729
64,1,9,0.003751
64,2,0,0.002356
64,2,1,0.002154
64,2,2,0.002824
64,2,3,0.002153
64,2,4,0.002869
64,2,5,0.002851
64,2,6,0.002335
64,2,7,0.002369
64,2,8,0.002850
64,2,9,0.002668
64,3,0,0.002202
64,3,1,0.002095
64,3,2,0.002137
64,3,3,0.001739
64,3,4,0.001918
64,3,5,0.002089
64,3,6,0.002120
64,3,7,0.002170
64,3,8,0.001855
64,3,9,0.001866
64,4,0,0.001691
64,4,1,0.001927
64,4,2,0.002035
64,4,3,0.001870
64,4,4,0.001874
64,4,5,0.001762
64,4,6,0.001852
64,4,7,0.001949
64,4,8,0.001767
64,4,9,0.001731
64,5,0,0.001840
64,5,1,0.001602
64,5,2,0.002167
64,5,3,0.001875
64,5,4,0.001670
64,5,5,0.002085
64,5,6,0.001869
64,5,7,0.001656
64,5,8,0.001708
64,5,9,0.001699
64,6,0,0.002110
64,6,1,0.001796
64,6,2,0.001745
64,6,3,0.001485
64,6,4,0.001749
64,6,5,0.001645
64,6,6,0.001669
64,6,7,0.001761
64,6,8,0.001552
64,6,9,0.001704
64,7,0,0.002083
64,7,1,0.001850
64,7,2,0.001621
64,7,3,0.001657
64,7,4,0.001656
64,7,5,0.001990
64,7,6,0.002226
64,7,7,0.001819
64,7,8,0.001698
64,7,9,0.001598
64,8,0,0.001962
64,8,1,0.002069
64,8,2,0.001935
64,8,3,0.001992
64,8,4,0.001880
64,8,5,0.001903
64,8,6,0.002094
64,8,7,0.001627
64,8,8,0.001655
64,8,9,0.001656
64,9,0,0.001893
64,9,1,0.001703
64,9,2,0.001648
64,9,3,0.002136
64,9,4,0.001986
64,9,5,0.001783
64,9,6,0.001874
64,9,7,0.001820
64,9,8,0.001577
64,9,9,0.001630
64,10,0,0.001938
64,10,1,0.002020
64,10,2,0.001896
64,10,3,0.002091
64,10,4,0.001769
64,10,5,0.002047
64,10,6,0.002136
64,10,7,0.002093
64,10,8,0.002116
64,10,9,0.002103
64,11,0,0.002125
64,11,1,0.002019
64,11,2,0.001937
64,11,3,0.002048
64,11,4,0.001936
64,11,5,0.001928
64,11,6,0.002234
64,11,7,0.002268
64,11,8,0.002205
64,11,9,0.002042
64,12,0,0.002143
64,12,1,0.001927
64,12,2,0.002177
64,12,3,0.002065
64,12,4,0.002292
64,12,5,0.002269
64,12,6,0.002058
64,12,7,0.001910
64,12,8,0.001798
64,12,9,0.001872
64,13,0,0.002000
64,13,1,0.001754
64,13,2,0.001821
64,13,3,0.002230
64,13,4,0.002129
64,13,5,0.001818
64,13,6,0.002160
64,13,7,0.001800
64,13,8,0.001779
64,13,9,0.002082
64,14,0,0.001998
64,14,1,0.002219
64,14,2,0.002141
64,14,3,0.002045
64,14,4,0.001868
64,14,5,0.001948
64,14,6,0.001839
64,14,7,0.001670
64,14,8,0.001999
64,14,9,0.001523
64,15,0,0.002005
64,15,1,0.001815
64,15,2,0.001910
64,15,3,0.001700
64,15,4,0.002014
64,15,5,0.001664
64,15,6,0.001775
64,15,7,0.001785
64,15,8,0.002063
64,15,9,0.002634
64,16,0,0.002471
64,16,1,0.002092
64,16,2,0.002198
64,16,3,0.002142
64,16,4,0.002359
64,16,5,0.002271
64,16,6,0.001976
64,16,7,0.002112
64,16,8,0.002122
64,16,9,0.001909
128,1,0,0.003834
128,1,1,0.006470
128,1,2,0.007035
128,1,3,0.005264
128,1,4,0.005610
128,1,5,0.008625
128,1,6,0.006063
128,1,7,0.004746
128,1,8,0.006471
128,1,9,0.008531
128,2,0,0.006859
128,2,1,0.006679
128,2,2,0.004425
128,2,3,0.007667
128,2,4,0.006794
128,2,5,0.006721
128,2,6,0.006855
128,2,7,0.005971
128,2,8,0.008144
128,2,9,0.006787
128,3,0,0.004696
128,3,1,0.004303
128,3,2,0.005438
128,3,3,0.005092
128,3,4,0.005051
128,3,5,0.004933
128,3,6,0.007972
128,3,7,0.004961
128,3,8,0.005424
128,3,9,0.004429
128,4,0,0.003983
128,4,1,0.004297
128,4,2,0.005607
128,4,3,0.004323
128,4,4,0.003692
128,4,5,0.003583
128,4,6,0.004400
128,4,7,0.003907
128,4,8,0.004248
128,4,9,0.004194
128,5,0,0.003893
128,5,1,0.003824
128,5,2,0.003450
128,5,3,0.003392
128,5,4,0.003475
128,5,5,0.003972
128,5,6,0.003796
128,5,7,0.004017
128,5,8,0.003974
128,5,9,0.003471
128,6,0,0.003560
128,6,1,0.003877
128,6,2,0.003520
128,6,3,0.004558
128,6,4,0.004267
128,6,5,0.003472
128,6,6,0.003758
128,6,7,0.003401
128,6,8,0.003420
128,6,9,0.003656
128,7,0,0.003373
128,7,1,0.003685
128,7,2,0.003444
128,7,3,0.003254
128,7,4,0.003580
128,7,5,0.003517
128,7,6,0.004331
128,7,7,0.003364
128,7,8,0.003563
128,7,9,0.003373
128,8,0,0.004057
128,8,1,0.003897
128,8,2,0.003133
128,8,3,0.003251
128,8,4,0.004327
128,8,5,0.003028
128,8,6,0.003108
128,8,7,0.003201
128,8,8,0.002633
128,8,9,0.003529
128,9,0,0.003533
128,9,1,0.003157
128,9,2,0.003779
128,9,3,0.003497
128,9,4,0.003878
128,9,5,0.002618
128,9,6,0.002620
128,9,7,0.003749
128,9,8,0.003118
128,9,9,0.003873
128,10,0,0.003996
128,10,1,0.002906
128,10,2,0.003311
128,10,3,0.003033
128,10,4,0.003785
128,10,5,0.003303
128,10,6,0.003579
128,10,7,0.002942
128,10,8,0.003988
128,10,9,0.003249
128,11,0,0.003859
128,11,1,0.002967
128,11,2,0.003569
128,11,3,0.002897
128,11,4,0.002461
128,11,5,0.002577
128,11,6,0.002518
128,11,7,0.003852
128,11,8,0.003267
128,11,9,0.002840
128,12,0,0.002711
128,12,1,0.004043
128,12,2,0.002831
128,12,3,0.002582
128,12,4,0.002650
128,12,5,0.004119
128,12,6,0.003430
128,12,7,0.003366
128,12,8,0.002878
128,12,9,0.003621
128,13,0,0.003049
128,13,1,0.002571
128,13,2,0.002743
128,13,3,0.003620
128,13,4,0.002948
128,13,5,0.002534
128,13,6,0.002758
128,13,7,0.003083
128,13,8,0.003245
128,13,9,0.002810
128,14,0,0.002916
128,14,1,0.003446
128,14,2,0.002851
128,14,3,0.002494
128,14,4,0.003141
128,14,5,0.003454
128,14,6,0.002773
128,14,7,0.002659
128,14,8,0.002518
128,14,9,0.002858
128,15,0,0.002375
128,15,1,0.002402
128,15,2,0.002448
128,15,3,0.001982
128,15,4,0.002008
128,15,5,0.002254
128,15,6,0.001717
128,15,7,0.003141
128,15,8,0.002882
128,15,9,0.002966
128,16,0,0.003019
128,16,1,0.002955
128,16,2,0.002779
128,16,3,0.002653
128,16,4,0.002732
128,16,5,0.002747
128,16,6,0.002541
128,16,7,0.002112
128,16,8,0.002030
128,16,9,0.002040
256,1,0,0.012686
256,1,1,0.014486
256,1,2,0.013373
256,1,3,0.015166
256,1,4,0.015845
256,1,5,0.016109
256,1,6,0.016194
256,1,7,0.012001
256,1,8,0.016577
256,1,9,0.013798
256,2,0,0.018076
256,2,1,0.013134
256,2,2,0.015849
256,2,3,0.024133
256,2,4,0.015489
256,2,5,0.011629
256,2,6,0.007879
256,2,7,0.011353
256,2,8,0.017959
256,2,9,0.015299
256,3,0,0.014717
256,3,1,0.014885
256,3,2,0.015416
256,3,3,0.013087
256,3,4,0.010873
256,3,5,0.010922
256,3,6,0.006408
256,3,7,0.013117
256,3,8,0.014709
256,3,9,0.008290
256,4,0,0.011256
256,4,1,0.012339
256,4,2,0.012324
256,4,3,0.012655
256,4,4,0.011723
256,4,5,0.011555
256,4,6,0.012576
256,4,7,0.012101
256,4,8,0.011736
256,4,9,0.011949
256,5,0,0.006888
256,5,1,0.015879
256,5,2,0.009949
256,5,3,0.011773
256,5,4,0.009608
256,5,5,0.007217
256,5,6,0.014515
256,5,7,0.010071
256,5,8,0.011405
256,5,9,0.010095
256,6,0,0.009010
256,6,1,0.008216
256,6,2,0.014741
256,6,3,0.009540
256,6,4,0.010086
256,6,5,0.007660
256,6,6,0.009261
256,6,7,0.009379
256,6,8,0.010099
256,6,9,0.009247
256,7,0,0.008670
256,7,1,0.009514
256,7,2,0.009338
256,7,3,0.011910
256,7,4,0.011963
256,7,5,0.007636
256,7,6,0.009235
256,7,7,0.007325
256,7,8,0.011365
256,7,9,0.008356
256,8,0,0.008172
256,8,1,0.007549
256,8,2,0.010602
256,8,3,0.008057
256,8,4,0.007069
256,8,5,0.008632
256,8,6,0.008813
256,8,7,0.008045
256,8,8,0.005743
256,8,9,0.007288
256,9,0,0.007902
256,9,1,0.008040
256,9,2,0.007611
256,9,3,0.009774
256,9,4,0.010759
256,9,5,0.008005
256,9,6,0.005341
256,9,7,0.006849
256,9,8,0.007971
256,9,9,0.007405
256,10,0,0.008082
256,10,1,0.006970
256,10,2,0.009487
256,10,3,0.007795
256,10,4,0.005570
256,10,5,0.009907
256,10,6,0.006705
256,10,7,0.008268
256,10,8,0.006658
256,10,9,0.007375
256,11,0,0.009224
256,11,1,0.007235
256,11,2,0.005328
256,11,3,0.009410
256,11,4,0.007786
256,11,5,0.009525
256,11,6,0.007207
256,11,7,0.006837
256,11,8,0.007934
256,11,9,0.006571
256,12,0,0.005979
256,12,1,0.004832
256,12,2,0.005902
256,12,3,0.005180
256,12,4,0.005825
256,12,5,0.006611
256,12,6,0.006139
256,12,7,0.005957
256,12,8,0.006858
256,12,9,0.005897
256,13,0,0.009096
256,13,1,0.008806
256,13,2,0.006474
256,13,3,0.008558
256,13,4,0.006862
256,13,5,0.007605
256,13,6,0.006511
256,13,7,0.005638
256,13,8,0.006657
256,13,9,0.006582
256,14,0,0.006302
256,14,1,0.006460
256,14,2,0.006717
256,14,3,0.004249
256,14,4,0.006983
256,14,5,0.007451
256,14,6,0.008380
256,14,7,0.008127
256,14,8,0.006384
256,14,9,0.005935
256,15,0,0.005359
256,15,1,0.004945
256,15,2,0.004469
256,15,3,0.004301
256,15,4,0.003829
256,15,5,0.003794
256,15,6,0.004990
256,15,7,0.006461
256,15,8,0.005164
256,15,9,0.005290
256,16,0,0.004675
256,16,1,0.003848
256,16,2,0.003718
256,16,3,0.006744
256,16,4,0.006047
256,16,5,0.006649
256,16,6,0.006462
256,16,7,0.006348
256,16,8,0.004681
256,16,9,0.005694
512,1,0,0.047987
512,1,1,0.046763
512,1,2,0.046731
512,1,3,0.046910
512,1,4,0.046849
512,1,5,0.046288
512,1,6,0.046645
512,1,7,0.047483
512,1,8,0.045816
512,1,9,0.046509
512,2,0,0.036927
512,2,1,0.030057
512,2,2,0.031109
512,2,3,0.031039
512,2,4,0.031521
512,2,5,0.033559
512,2,6,0.032250
512,2,7,0.029925
512,2,8,0.037439
512,2,9,0.037142
512,3,0,0.029857
512,3,1,0.031866
512,3,2,0.031833
512,3,3,0.031207
512,3,4,0.030059
512,3,5,0.031978
512,3,6,0.024427
512,3,7,0.025305
512,3,8,0.020473
512,3,9,0.037314
512,4,0,0.025432
512,4,1,0.029489
512,4,2,0.025430
512,4,3,0.018575
512,4,4,0.031370
512,4,5,0.027875
512,4,6,0.030938
512,4,7,0.024580
512,4,8,0.025080
512,4,9,0.030929
512,5,0,0.026056
512,5,1,0.024987
512,5,2,0.025520
512,5,3,0.026828
512,5,4,0.026308
512,5,5,0.024417
512,5,6,0.025535
512,5,7,0.032219
512,5,8,0.036449
512,5,9,0.026478
512,6,0,0.020782
512,6,1,0.022643
512,6,2,0.023867
512,6,3,0.023916
512,6,4,0.029321
512,6,5,0.029637
512,6,6,0.023738
512,6,7,0.022142
512,6,8,0.030202
512,6,9,0.020612
512,7,0,0.029724
512,7,1,0.021504
512,7,2,0.029624
512,7,3,0.024296
512,7,4,0.027142
512,7,5,0.021843
512,7,6,0.021956
512,7,7,0.029217
512,7,8,0.024216
512,7,9,0.022026
512,8,0,0.020774
512,8,1,0.025816
512,8,2,0.020684
512,8,3,0.022792
512,8,4,0.020908
512,8,5,0.021384
512,8,6,0.026073
512,8,7,0.027556
512,8,8,0.021235
512,8,9,0.021804
512,9,0,0.023856
512,9,1,0.021014
512,9,2,0.020140
512,9,3,0.025343
512,9,4,0.020141
512,9,5,0.023048
512,9,6,0.024235
512,9,7,0.026286
512,9,8,0.019687
512,9,9,0.018958
512,10,0,0.022309
512,10,1,0.023477
512,10,2,0.021920
512,10,3,0.019545
512,10,4,0.022754
512,10,5,0.023785
512,10,6,0.019753
512,10,7,0.022232
512,10,8,0.018932
512,10,9,0.020584
512,11,0,0.024092
512,11,1,0.023204
512,11,2,0.021030
512,11,3,0.019047
512,11,4,0.021836
512,11,5,0.021418
512,11,6,0.019426
512,11,7,0.016650
512,11,8,0.024845
512,11,9,0.018068
512,12,0,0.018363
512,12,1,0.022478
512,12,2,0.022049
512,12,3,0.016488
512,12,4,0.022657
512,12,5,0.022109
512,12,6,0.017650
512,12,7,0.022237
512,12,8,0.017913
512,12,9,0.013397
512,13,0,0.019486
512,13,1,0.021468
512,13,2,0.019532
512,13,3,0.016752
512,13,4,0.014705
512,13,5,0.017955
512,13,6,0.017665
512,13,7,0.017384
512,13,8,0.017536
512,13,9,0.016762
512,14,0,0.016790
512,14,1,0.019756
512,14,2,0.020218
512,14,3,0.019564
512,14,4,0.017933
512,14,5,0.020422
512,14,6,0.020251
512,14,7,0.019242
512,14,8,0.020327
512,14,9,0.019988
512,15,0,0.017441
512,15,1,0.014382
512,15,2,0.017348
512,15,3,0.015540
512,15,4,0.016795
512,15,5,0.014958
512,15,6,0.016205
512,15,7,0.018931
512,15,8,0.018736
512,15,9,0.018389
512,16,0,0.018438
512,16,1,0.014584
512,16,2,0.018183
512,16,3,0.016869
512,16,4,0.017863
512,16,5,0.018161
512,16,6,0.017530
512,16,7,0.014883
512,16,8,0.019424
512,16,9,0.018390
1024,1,0,0.193665
1024,1,1,0.195824
1024,1,2,0.194288
1024,1,3,0.193698
1024,1,4,0.195047
1024,1,5,0.194362
1024,1,6,0.193223
1024,1,7,0.198895
1024,1,8,0.197106
1024,1,9,0.197383
1024,2,0,0.116188
1024,2,1,0.109720
1024,2,2,0.106788
1024,2,3,0.112482
1024,2,4,0.109707
1024,2,5,0.107393
1024,2,6,0.109916
1024,2,7,0.116584
1024,2,8,0.110291
1024,2,9,0.113448
1024,3,0,0.086875
1024,3,1,0.088108
1024,3,2,0.086774
1024,3,3,0.080483
1024,3,4,0.083332
1024,3,5,0.075983
1024,3,6,0.082289
1024,3,7,0.076451
1024,3,8,0.080090
1024,3,9,0.085718
1024,4,0,0.067374
1024,4,1,0.070546
1024,4,2,0.064900
1024,4,3,0.069836
1024,4,4,0.066400
1024,4,5,0.063494
1024,4,6,0.066821
1024,4,7,0.085380
1024,4,8,0.087646
1024,4,9,0.088341
1024,5,0,0.075529
1024,5,1,0.073078
1024,5,2,0.077231
1024,5,3,0.074571
1024,5,4,0.059502
1024,5,5,0.075484
1024,5,6,0.075601
1024,5,7,0.072160
1024,5,8,0.071383
1024,5,9,0.073012
1024,6,0,0.066144
1024,6,1,0.069054
1024,6,2,0.069575
1024,6,3,0.070823
1024,6,4,0.066961
1024,6,5,0.066953
1024,6,6,0.072616
1024,6,7,0.069489
1024,6,8,0.069737
1024,6,9,0.066677
1024,7,0,0.059884
1024,7,1,0.061392
1024,7,2,0.058739
1024,7,3,0.061117
1024,7,4,0.059736
1024,7,5,0.062600
1024,7,6,0.060282
1024,7,7,0.065849
1024,7,8,0.066499
1024,7,9,0.059942
1024,8,0,0.067846
1024,8,1,0.075961
1024,8,2,0.057108
1024,8,3,0.057816
1024,8,4,0.059805
1024,8,5,0.054708
1024,8,6,0.055494
1024,8,7,0.057702
1024,8,8,0.059010
1024,8,9,0.058676
1024,9,0,0.053409
1024,9,1,0.054979
1024,9,2,0.054652
1024,9,3,0.051114
1024,9,4,0.051976
1024,9,5,0.054145
1024,9,6,0.054535
1024,9,7,0.054753
1024,9,8,0.054290
1024,9,9,0.052654
1024,10,0,0.048298
1024,10,1,0.052063
1024,10,2,0.051808
1024,10,3,0.048088
1024,10,4,0.051130
1024,10,5,0.054419
1024,10,6,0.050940
1024,10,7,0.050622
1024,10,8,0.052070
1024,10,9,0.049687
1024,11,0,0.049103
1024,11,1,0.047865
1024,11,2,0.048587
1024,11,3,0.047785
1024,11,4,0.047381
1024,11,5,0.049937
1024,11,6,0.046869
1024,11,7,0.048587
1024,11,8,0.048834
1024,11,9,0.049309
1024,12,0,0.045257
1024,12,1,0.047130
1024,12,2,0.046944
1024,12,3,0.047326
1024,12,4,0.047648
1024,12,5,0.046528
1024,12,6,0.047332
1024,12,7,0.046569
1024,12,8,0.047391
1024,12,9,0.045437
1024,13,0,0.045314
1024,13,1,0.044592
1024,13,2,0.044974
1024,13,3,0.052283
1024,13,4,0.046882
1024,13,5,0.041433
1024,13,6,0.042900
1024,13,7,0.044035
1024,13,8,0.042162
1024,13,9,0.048705
1024,14,0,0.044734
1024,14,1,0.044180
1024,14,2,0.044194
1024,14,3,0.043697
1024,14,4,0.041362
1024,14,5,0.041887
1024,14,6,0.044296
1024,14,7,0.043136
1024,14,8,0.045333
1024,14,9,0.041773
1024,15,0,0.039692
1024,15,1,0.041379
1024,15,2,0.040584
1024,15,3,0.041202
1024,15,4,0.041198
1024,15,5,0.042898
1024,15,6,0.041780
1024,15,7,0.041578
1024,15,8,0.040467
1024,15,9,0.044525
1024,16,0,0.051205
1024,16,1,0.046279
1024,16,2,0.040357
1024,16,3,0.041449
1024,16,4,0.042451
1024,16,5,0.041196
1024,16,6,0.039946
1024,16,7,0.042659
1024,16,8,0.040086
1024,16,9,0.037768
2048,1,0,0.904127
2048,1,1,0.902432
2048,1,2,0.901409
2048,1,3,0.901521
2048,1,4,0.895984
2048,1,5,0.907444
2048,1,6,0.911015
2048,1,7,0.898854
2048,1,8,0.905744
2048,1,9,0.903253
2048,2,0,0.482324
2048,2,1,0.475646
2048,2,2,0.483170
2048,2,3,0.488351
2048,2,4,0.483453
2048,2,5,0.483024
2048,2,6,0.478996
2048,2,7,0.485103
2048,2,8,0.471163
2048,2,9,0.480872
2048,3,0,0.328856
2048,3,1,0.394097
2048,3,2,0.333635
2048,3,3,0.336314
2048,3,4,0.394326
2048,3,5,0.335699
2048,3,6,0.336679
2048,3,7,0.338585
2048,3,8,0.392191
2048,3,9,0.331965
2048,4,0,0.319413
2048,4,1,0.309683
2048,4,2,0.316913
2048,4,3,0.262899
2048,4,4,0.264562
2048,4,5,0.266155
2048,4,6,0.267392
2048,4,7,0.264659
2048,4,8,0.263342
2048,4,9,0.309253
2048,5,0,0.259775
2048,5,1,0.268737
2048,5,2,0.273535
2048,5,3,0.271011
2048,5,4,0.264930
2048,5,5,0.270599
2048,5,6,0.269528
2048,5,7,0.269116
2048,5,8,0.270410
2048,5,9,0.263361
2048,6,0,0.239758
2048,6,1,0.235667
2048,6,2,0.184347
2048,6,3,0.208196
2048,6,4,0.227541
2048,6,5,0.238541
2048,6,6,0.227622
2048,6,7,0.232398
2048,6,8,0.235359
2048,6,9,0.240334
2048,7,0,0.211538
2048,7,1,0.212639
2048,7,2,0.209626
2048,7,3,0.212951
2048,7,4,0.214233
2048,7,5,0.206285
2048,7,6,0.211761
2048,7,7,0.213575
2048,7,8,0.206555
2048,7,9,0.204948
2048,8,0,0.193661
2048,8,1,0.200614
2048,8,2,0.199277
2048,8,3,0.199371
2048,8,4,0.197750
2048,8,5,0.203680
2048,8,6,0.195256
2048,8,7,0.167697
2048,8,8,0.164499
2048,8,9,0.183073
2048,9,0,0.176900
2048,9,1,0.179975
2048,9,2,0.182445
2048,9,3,0.183245
2048,9,4,0.173673
2048,9,5,0.179951
2048,9,6,0.177747
2048,9,7,0.180233
2048,9,8,0.181564
2048,9,9,0.178079
2048,10,0,0.170132
2048,10,1,0.171496
2048,10,2,0.169734
2048,10,3,0.167773
2048,10,4,0.168576
2048,10,5,0.168175
2048,10,6,0.168677
2048,10,7,0.172727
2048,10,8,0.161042
2048,10,9,0.173260
2048,11,0,0.157365
2048,11,1,0.151347
2048,11,2,0.153081
2048,11,3,0.157886
2048,11,4,0.158069
2048,11,5,0.158178
2048,11,6,0.142820
2048,11,7,0.159271
2048,11,8,0.150682
2048,11,9,0.152274
2048,12,0,0.148549
2048,12,1,0.147701
2048,12,2,0.151922
2048,12,3,0.148772
2048,12,4,0.148230
2048,12,5,0.150221
2048,12,6,0.150886
2048,12,7,0.151475
2048,12,8,0.153263
2048,12,9,0.147231
2048,13,0,0.138640
2048,13,1,0.140826
2048,13,2,0.140746
2048,13,3,0.141967
2048,13,4,0.142398
2048,13,5,0.138362
2048,13,6,0.168725
2048,13,7,0.152797
2048,13,8,0.142991
2048,13,9,0.159919
2048,14,0,0.157485
2048,14,1,0.160434
2048,14,2,0.142210
2048,14,3,0.137540
2048,14,4,0.163094
2048,14,5,0.161675
2048,14,6,0.139926
2048,14,7,0.136538
2048,14,8,0.137049
2048,14,9,0.135688
2048,15,0,0.126408
2048,15,1,0.129215
2048,15,2,0.122005
2048,15,3,0.122293
2048,15,4,0.129544
2048,15,5,0.125862
2048,15,6,0.124510
2048,15,7,0.128240
2048,15,8,0.129463
2048,15,9,0.118993
2048,16,0,0.124535
2048,16,1,0.132892
2048,16,2,0.130886
2048,16,3,0.135804
2048,16,4,0.133233
2048,16,5,0.131836
2048,16,6,0.125611
2048,16,7,0.130521
2048,16,8,0.130766
2048,16,9,0.130135
4096,1,0,3.878421
4096,1,1,3.853011
4096,1,2,3.867827
4096,1,3,3.913529
4096,1,4,3.749908
4096,1,5,3.876482
4096,1,6,3.873484
4096,1,7,3.824838
4096,1,8,3.837051
4096,1,9,3.796720
4096,2,0,2.027184
4096,2,1,2.056330
4096,2,2,2.048102
4096,2,3,2.019490
4096,2,4,2.102882
4096,2,5,2.036258
4096,2,6,2.202141
4096,2,7,2.042973
4096,2,8,2.290251
4096,2,9,2.210165
4096,3,0,1.542529
4096,3,1,1.526986
4096,3,2,1.501255
4096,3,3,1.527611
4096,3,4,1.525431
4096,3,5,1.506574
4096,3,6,1.527683
4096,3,7,1.377878
4096,3,8,1.534529
4096,3,9,1.375017
4096,4,0,1.216883
4096,4,1,1.232978
4096,4,2,1.238024
4096,4,3,1.220056
4096,4,4,1.235440
4096,4,5,1.073105
4096,4,6,1.078065
4096,4,7,1.087553
4096,4,8,1.233580
4096,4,9,1.082362
4096,5,0,1.031738
4096,5,1,1.033084
4096,5,2,1.032686
4096,5,3,1.007687
4096,5,4,1.018649
4096,5,5,1.026820
4096,5,6,1.019164
4096,5,7,1.016231
4096,5,8,0.993236
4096,5,9,0.980667
4096,6,0,0.837038
4096,6,1,0.837268
4096,6,2,0.836886
4096,6,3,0.849603
4096,6,4,0.843731
4096,6,5,0.849615
4096,6,6,0.852224
4096,6,7,0.837981
4096,6,8,0.823223
4096,6,9,0.830555
4096,7,0,0.724935
4096,7,1,0.699700
4096,7,2,0.721836
4096,7,3,0.713887
4096,7,4,0.721831
4096,7,5,0.705556
4096,7,6,0.731357
4096,7,7,0.735505
4096,7,8,0.717363
4096,7,9,0.709900
4096,8,0,0.662989
4096,8,1,0.659249
4096,8,2,0.673543
4096,8,3,0.666868
4096,8,4,0.637076
4096,8,5,0.657544
4096,8,6,0.659557
4096,8,7,0.656178
4096,8,8,0.655127
4096,8,9,0.634677
4096,9,0,0.571729
4096,9,1,0.545400
4096,9,2,0.575083
4096,9,3,0.644666
4096,9,4,0.570829
4096,9,5,0.593806
4096,9,6,0.585059
4096,9,7,0.590801
4096,9,8,0.616347
4096,9,9,0.572453
4096,10,0,0.508127
4096,10,1,0.527468
4096,10,2,0.527250
4096,10,3,0.507551
4096,10,4,0.510341
4096,10,5,0.512661
4096,10,6,0.545137
4096,10,7,0.544354
4096,10,8,0.539879
4096,10,9,0.526169
4096,11,0,0.467552
4096,11,1,0.487155
4096,11,2,0.481049
4096,11,3,0.486540
4096,11,4,0.485177
4096,11,5,0.490811
4096,11,6,0.490647
4096,11,7,0.496750
4096,11,8,0.491407
4096,11,9,0.485957
4096,12,0,0.533031
4096,12,1,0.476253
4096,12,2,0.465981
4096,12,3,0.473504
4096,12,4,0.544487
4096,12,5,0.474365
4096,12,6,0.470763
4096,12,7,0.462987
4096,12,8,0.470722
4096,12,9,0.464472
4096,13,0,0.426392
4096,13,1,0.426111
4096,13,2,0.433550
4096,13,3,0.430631
4096,13,4,0.428113
4096,13,5,0.413935
4096,13,6,0.426807
4096,13,7,0.427281
4096,13,8,0.414571
4096,13,9,0.433830
4096,14,0,0.399762
4096,14,1,0.435874
4096,14,2,0.417050
4096,14,3,0.407940
4096,14,4,0.410198
4096,14,5,0.423895
4096,14,6,0.425877
4096,14,7,0.417272
4096,14,8,0.473867
4096,14,9,0.404409
4096,15,0,0.388467
4096,15,1,0.368388
4096,15,2,0.373754
4096,15,3,0.363047
4096,15,4,0.383181
4096,15,5,0.362975
4096,15,6,0.367785
4096,15,7,0.371146
4096,15,8,0.368883
4096,15,9,0.377401
4096,16,0,0.414534
4096,16,1,0.408839
4096,16,2,0.418673
4096,16,3,0.412488
4096,16,4,0.414470
4096,16,5,0.393469
4096,16,6,0.420201
4096,16,7,0.406237
4096,16,8,0.409799
4096,16,9,0.409858
