N,Run,TotalTime,ExecutionTime,TimeHostToDevice,TimeDeviceToHost,GFlops,GbpsHtD,GbpsDtH
512,0,0.003847872,0.003066080,0.000400576,0.000364992,7.694828342,10.470682337,11.491495933
512,1,0.003062144,0.002226464,0.000427712,0.000392096,10.596605042,9.806374533,10.697135045
512,2,0.002976096,0.002183392,0.000399744,0.000378432,10.805645291,10.492475079,11.083375448
512,3,0.002793248,0.002017728,0.000398912,0.000362272,11.692834190,10.514358725,11.577775995
512,4,0.002788448,0.001975232,0.000405344,0.000393152,11.944399412,10.347516931,10.668403101
512,5,0.002725504,0.001961120,0.000389888,0.000360160,12.030349946,10.757715352,11.645668813
512,6,0.002625984,0.001862912,0.000393952,0.000355136,12.664559171,10.646738363,11.810416056
512,7,0.002680096,0.001869696,0.000403776,0.000393408,12.618607375,10.387700368,10.661460863
512,8,0.002588000,0.001821216,0.000396992,0.000356640,12.954509606,10.565210436,11.760609774
512,9,0.002550880,0.001759872,0.000393344,0.000384096,13.406066203,10.663195171,10.919936779
512,10,0.002497504,0.001709984,0.000403360,0.000369600,13.797182173,10.398413091,11.348225170
512,11,0.002539488,0.001766752,0.000389952,0.000368960,13.353860609,10.755949341,11.367910012
512,12,0.002488256,0.001727872,0.000392000,0.000354496,13.654344655,10.699755382,11.831738508
512,13,0.002539872,0.001716064,0.000420736,0.000389568,13.748298622,9.968968313,10.766551639
512,14,0.002637536,0.001739072,0.000482592,0.000401952,13.566408103,8.691201089,10.434838030
512,15,0.002532096,0.001747680,0.000403136,0.000367552,13.499588421,10.404191525,11.411457047
512,16,0.002561120,0.001716160,0.000434592,0.000396480,13.747528895,9.651130065,10.578854073
512,17,0.002617216,0.001738464,0.000461536,0.000403776,13.571152482,9.087707327,10.387700368
512,18,0.002617440,0.001710336,0.000455360,0.000438048,13.794342407,9.210962848,9.574987104
512,19,0.002538112,0.001713280,0.000430720,0.000378944,13.770639076,9.737890012,11.068400329
512,20,0.002633408,0.001710048,0.000466016,0.000441760,13.796665677,9.000343441,9.494530890
512,21,0.002596192,0.001695104,0.000466784,0.000420352,13.918296434,8.985535058,9.978075235
512,22,0.002517984,0.001776000,0.000379488,0.000347616,13.284324153,11.052534193,12.065912260
512,23,0.002604768,0.001741536,0.000448064,0.000401760,13.547213329,9.360948448,10.439824461
512,24,0.002647616,0.001739904,0.000454080,0.000438848,13.559920188,9.236927706,9.557532692
512,25,0.002607072,0.001701216,0.000474112,0.000417568,13.868292000,8.846652192,10.044601163
512,26,0.002633536,0.001725568,0.000447520,0.000446784,13.672575774,9.372327749,9.387767013
512,27,0.002631776,0.001711104,0.000465184,0.000441920,13.788150523,9.016440746,9.491093148
512,28,0.002682336,0.001735296,0.000462560,0.000469248,13.595928217,9.067589108,8.938352489
512,29,0.002534784,0.001709344,0.000419680,0.000390656,13.802347330,9.994052627,10.736566340
512,30,0.002565728,0.001732672,0.000438656,0.000380512,13.616518490,9.561715737,11.022790371
512,31,0.002596448,0.001689664,0.000450208,0.000441952,13.963107407,9.316369151,9.490406410
512,32,0.002664256,0.001732096,0.000470304,0.000447424,13.621046748,8.918282410,9.374338550
512,33,0.002496608,0.001746688,0.000386048,0.000350304,13.507254809,10.864721791,11.973325768
512,34,0.002566368,0.001726592,0.000417216,0.000407456,13.664467781,10.053075554,10.293881772
512,35,0.002492736,0.001756576,0.000377888,0.000344512,13.431221182,11.099331193,12.174624318
512,36,0.002588224,0.001815424,0.000402112,0.000356960,12.995840338,10.430685793,11.750067280
512,37,0.002700160,0.001775200,0.000464448,0.000435776,13.290310881,9.030728855,9.624908315
512,38,0.002504608,0.001752960,0.000392384,0.000345472,13.458926872,10.689284166,12.140792605
512,39,0.002565152,0.001740768,0.000426144,0.000384128,13.553190660,9.842456920,10.919026868
512,40,0.002630656,0.001756256,0.000431104,0.000429024,13.433668105,9.729216053,9.776385222
512,41,0.002627712,0.001728640,0.000440768,0.000443136,13.648278729,9.515899446,9.465048964
512,42,0.002595648,0.001730720,0.000459264,0.000392032,13.631875411,9.132664234,10.698881794
512,43,0.002543200,0.001730144,0.000407264,0.000383328,13.636413890,10.298735119,10.941815106
512,44,0.002564160,0.001723616,0.000427328,0.000398112,13.688060418,9.815186678,10.535487527
512,45,0.002674016,0.001712064,0.000527008,0.000421024,13.780419200,7.958710349,9.962149552
512,46,0.002679776,0.001708704,0.000491776,0.000465632,13.807517319,8.528891384,9.007765951
512,47,0.002589920,0.001754848,0.000426784,0.000394464,13.444446445,9.827697182,10.632919980
512,48,0.002525248,0.001711104,0.000417216,0.000383232,13.788150523,10.053075554,10.944555850
512,49,0.002576320,0.001746592,0.000434464,0.000382912,13.507996942,9.653973463,10.953701871
512,50,0.002502592,0.001723840,0.000399872,0.000364896,13.686281803,10.489116387,11.494519004
512,51,0.002565152,0.001752064,0.000420480,0.000377984,13.465809548,9.975037746,11.096512394
512,52,0.002528192,0.001701152,0.000408800,0.000404256,13.868813873,10.260038991,10.375366458
512,53,0.002564864,0.001716864,0.000432608,0.000401472,13.741892276,9.695391483,10.447313826
512,54,0.002597632,0.001719872,0.000426144,0.000437024,13.717858090,9.842456920,9.597422626
512,55,0.002568224,0.001702688,0.000423840,0.000428128,13.856302678,9.895961059,9.796845710
512,56,0.002499680,0.001747296,0.000382880,0.000355040,13.502554993,10.954617570,11.813609275
512,57,0.002464992,0.001724064,0.000377280,0.000350208,13.684503651,11.117218074,11.976607700
512,58,0.002539712,0.001734368,0.000409696,0.000383168,13.603203273,10.237600244,10.946383492
512,59,0.002531168,0.001728128,0.000416448,0.000372768,13.652322395,10.071615254,11.251780826
512,60,0.002649952,0.001799392,0.000412640,0.000423360,13.111628927,10.164559775,9.907180881
512,61,0.002661696,0.001818112,0.000410464,0.000417664,12.976626190,10.218445746,10.042292575
512,62,0.002643840,0.001807168,0.000410720,0.000413152,13.055211198,10.212076584,10.151963215
512,63,0.002668288,0.001817120,0.000409088,0.000427840,12.983710801,10.252816377,9.803440666
512,64,0.002603648,0.001722752,0.000428416,0.000437760,13.694925527,9.790259621,9.581286649
512,65,0.002618144,0.001726848,0.000441888,0.000435232,13.662441578,9.491780625,9.636938162
512,66,0.002646208,0.001762592,0.000430944,0.000438560,13.385378217,9.732828492,9.563808633
512,67,0.002522752,0.001710048,0.000391584,0.000407680,13.796665677,10.711121763,10.288225938
512,68,0.002566208,0.001754240,0.000409696,0.000388480,13.449105890,10.237600244,10.796704895
512,69,0.002533440,0.001703360,0.000414272,0.000401056,13.850836308,10.124516973,10.458150700
512,70,0.002625632,0.001747712,0.000421568,0.000442400,13.499340728,9.949293916,9.480795479
512,71,0.002590400,0.001689408,0.000426464,0.000459744,13.965223778,9.835071857,9.123129267
512,72,0.002623456,0.001745440,0.000419936,0.000444224,13.516912592,9.987960039,9.441867167
512,73,0.002512000,0.001704992,0.000406432,0.000386560,13.837577670,10.319817267,10.850331322
512,74,0.002599744,0.001759840,0.000424032,0.000401920,13.406309576,9.891479826,10.435669029
512,75,0.002605568,0.001761792,0.000417664,0.000412832,13.391456394,10.042292575,10.159832770
512,76,0.002530720,0.001734560,0.000403392,0.000378272,13.601697160,10.397588783,11.088063704
512,77,0.002629440,0.001720416,0.000459424,0.000435968,13.713520851,9.129484093,9.620669151
512,78,0.002652960,0.001763424,0.000432832,0.000443424,13.379062256,9.690374035,9.458901928
512,79,0.002726304,0.001811616,0.000436288,0.000464480,13.023157629,9.613613045,9.030106540
512,80,0.002767552,0.001770560,0.000501952,0.000481184,13.325139872,8.355986354,8.716632203
512,81,0.002597248,0.001783648,0.000413888,0.000387264,13.227363142,10.133910442,10.830606140
512,82,0.002545632,0.001728928,0.000407488,0.000396288,13.646005161,10.293073952,10.583979128
512,83,0.002599296,0.001728128,0.000423232,0.000434304,13.652322395,9.910177178,9.657530233
512,84,0.002719008,0.001760896,0.000508192,0.000436288,13.398270219,8.253384503,9.613613045
512,85,0.002530944,0.001709792,0.000411648,0.000395904,13.798730929,10.189054596,10.594244947
512,86,0.002582560,0.001715424,0.000426080,0.000427904,13.753428192,9.843935677,9.801974050
512,87,0.002589728,0.001763008,0.000414432,0.000398400,13.382219491,10.120608711,10.527871257
512,88,0.002735680,0.001728704,0.000555360,0.000437952,13.647773321,7.552405386,9.577085815
512,89,0.002793056,0.001725344,0.000521952,0.000532064,13.674351772,8.035804468,7.883081429
512,90,0.002531040,0.001713024,0.000404928,0.000398912,13.772696542,10.358147652,10.514358725
512,91,0.002526208,0.001721568,0.000416928,0.000373920,13.704344039,10.060020117,11.217116151
512,92,0.002534400,0.001718016,0.000421376,0.000380384,13.732677466,9.953827699,11.026499591
512,93,0.002539552,0.001722080,0.000406048,0.000398848,13.700269503,10.329576802,10.516046287
512,94,0.002674976,0.001753376,0.000477632,0.000428384,13.455733342,8.781455434,9.790991123
512,95,0.002518080,0.001732064,0.000397632,0.000374560,13.621297990,10.548205301,11.197949639
512,96,0.002547648,0.001702272,0.000412576,0.000417280,13.859688230,10.166136911,10.051534019
512,97,0.002573856,0.001719712,0.000414528,0.000425568,13.719134215,10.118264329,9.855778297
512,98,0.002599648,0.001731968,0.000430560,0.000424384,13.622052708,9.741508896,9.883275573
512,99,0.002714816,0.001816576,0.000461152,0.000422848,12.987598618,9.095274693,9.919176954
1024,0,0.009416480,0.006326592,0.001529120,0.001545056,16.574105067,10.971811464,10.858646002
1024,1,0.009296896,0.006323488,0.001467328,0.001491648,16.582240070,11.433855651,11.247436703
1024,2,0.009632960,0.006525760,0.001639008,0.001453152,16.068258288,10.236201127,11.545396956
1024,3,0.009572032,0.006606912,0.001562912,0.001387200,15.870893670,10.734587831,12.094302210
1024,4,0.009923904,0.006802976,0.001530528,0.001576096,15.413489328,10.961718149,10.644792820
1024,5,0.009949632,0.006882016,0.001582240,0.001470848,15.236465191,10.603458486,11.406492314
1024,6,0.010362560,0.007229248,0.001650592,0.001466336,14.504634413,10.164363035,11.441590375
1024,7,0.010150528,0.007095872,0.001520160,0.001509792,14.777267840,11.036480662,11.112269989
1024,8,0.010119136,0.006914592,0.001637920,0.001551968,15.164684076,10.243000742,10.810284898
1024,9,0.009910112,0.006853600,0.001614752,0.001426240,15.299638090,10.389964178,11.763249091
1024,10,0.010091776,0.006897024,0.001607488,0.001570816,15.203310536,10.436915002,10.680573391
1024,11,0.010033344,0.006863648,0.001606880,0.001547392,15.277240463,10.440864611,10.842253213
1024,12,0.010089088,0.006913344,0.001550688,0.001610048,15.167421355,10.819207793,10.420320028
1024,13,0.009732544,0.006924448,0.001458784,0.001334528,15.143098742,11.500822728,12.571648092
1024,14,0.010037472,0.006878816,0.001540928,0.001602368,15.243553259,10.887735139,10.470264028
1024,15,0.009883936,0.006901088,0.001535808,0.001431840,15.194357236,10.924032404,11.717242617
1024,16,0.010161344,0.006906432,0.001611232,0.001628000,15.182600465,10.412662832,10.305415101
1024,17,0.009199808,0.006416192,0.001435936,0.001332160,16.342652948,11.683818988,12.593994753
1024,18,0.009432800,0.006439520,0.001644096,0.001333440,16.283449996,10.204523232,12.581905955
1024,19,0.009644672,0.006424096,0.001723936,0.001481824,16.322545343,9.731925299,11.322002844
1024,20,0.009762464,0.006417888,0.001604992,0.001725504,16.338333937,10.453145975,9.723081259
1024,21,0.009462240,0.006377216,0.001528672,0.001540928,16.442535781,10.975026834,10.887735139
1024,22,0.010076512,0.006816640,0.001740288,0.001503584,15.382593409,9.640482389,11.158149924
1024,23,0.009732000,0.006901184,0.001443392,0.001372064,15.194146215,11.623464419,12.227721206
1024,24,0.009389632,0.006607872,0.001431616,0.001335040,15.868588231,11.719075926,12.566826714
1024,25,0.009662080,0.006646496,0.001453600,0.001547904,15.776373424,11.541837806,10.838666895
1024,26,0.009448896,0.006643200,0.001446848,0.001344832,15.784200574,11.595700167,12.475325323
1024,27,0.009785376,0.006662848,0.001638304,0.001469504,15.737654539,10.240600066,11.416924360
1024,28,0.009473728,0.006635712,0.001487584,0.001335040,15.802011552,11.278163827,12.566826714
1024,29,0.010196736,0.006889504,0.001612160,0.001680864,15.219905623,10.406669524,9.981304992
1024,30,0.009690848,0.006861600,0.001469120,0.001345248,15.281800337,11.419908317,12.471467120
1024,31,0.009885344,0.006899456,0.001606336,0.001364832,15.197951785,10.444400191,12.292513264
1024,32,0.009698272,0.006937344,0.001430048,0.001313760,15.114948729,11.731925173,12.770380786
1024,33,0.009750016,0.006919968,0.001412064,0.001402592,15.152902160,11.881342857,11.961580184
1024,34,0.010048704,0.006900000,0.001492864,0.001640960,15.196753413,11.238274791,10.224025097
1024,35,0.010392064,0.006911520,0.001951136,0.001514144,15.171423932,8.598691255,11.080330948
1024,36,0.010127456,0.006874656,0.001680160,0.001556896,15.252777294,9.985486825,10.776067450
1024,37,0.009682752,0.006715072,0.001547424,0.001404384,15.615260355,10.842029364,11.946316532
1024,38,0.009835168,0.006678016,0.001619616,0.001518240,15.701908633,10.358761381,11.050437531
1024,39,0.009535680,0.006664512,0.001437888,0.001418752,15.733724768,11.667957236,11.825334189
1024,40,0.010222752,0.006728672,0.001616640,0.001863424,15.583699067,10.377830744,9.003434811
1024,41,0.010117440,0.006685056,0.001813952,0.001602528,15.685372974,9.248985798,10.469218791
1024,42,0.009704800,0.006692320,0.001469824,0.001528608,15.668348501,11.414439073,10.975486449
1024,43,0.009701792,0.006678624,0.001536608,0.001472736,15.700479260,10.918344959,11.391869275
1024,44,0.009700192,0.006762592,0.001578368,0.001344768,15.505534342,10.629470787,12.475918084
1024,45,0.009936736,0.006729792,0.001650880,0.001541792,15.581105354,10.162589778,10.881633591
1024,46,0.009517312,0.006425184,0.001756032,0.001320992,16.319782236,9.554049183,12.700467595
1024,47,0.009253408,0.006412416,0.001515104,0.001309760,16.352276631,11.073309414,12.809382121
1024,48,0.009835712,0.006373792,0.001712032,0.001735552,16.451367911,9.799592757,9.666789846
1024,49,0.009823840,0.006384256,0.001822144,0.001603168,16.424404327,9.207403866,10.465039152
1024,50,0.009378400,0.006284416,0.001705120,0.001374752,16.685336662,9.839317069,12.203812364
1024,51,0.009286848,0.006295968,0.001564000,0.001411264,16.654722367,10.727120133,11.888078121
1024,52,0.009644544,0.006295712,0.001669440,0.001665536,16.655399754,10.049606867,10.073162956
1024,53,0.009610016,0.006289632,0.001601152,0.001704736,16.671500432,10.478216056,9.841533267
1024,54,0.009040416,0.006296608,0.001422528,0.001306976,16.653029771,11.793944066,12.836667624
1024,55,0.009024096,0.006155232,0.001425344,0.001428416,17.035523731,11.770643518,11.745328979
1024,56,0.008972672,0.006203968,0.001424352,0.001323392,16.901698911,11.778840773,12.677434633
1024,57,0.009388544,0.006179520,0.001609344,0.001584544,16.968566780,10.424878672,10.588040849
1024,58,0.009224192,0.006152064,0.001521696,0.001523488,17.044296453,11.025340353,11.012371287
1024,59,0.008793920,0.005977632,0.001423104,0.001377600,17.541661848,11.789170318,12.178583444
1024,60,0.009061440,0.005953344,0.001673024,0.001420896,17.613227511,10.028078148,11.807490042
1024,61,0.008653632,0.005904864,0.001419840,0.001314112,17.757835395,11.816272437,12.766961008
1024,62,0.008709600,0.005945440,0.001415200,0.001334784,17.636643083,11.855014174,12.569236379
1024,63,0.008930848,0.005997056,0.001436160,0.001483744,17.484845876,11.681996692,11.307352019
1024,64,0.008709984,0.005962816,0.001416192,0.001316704,17.585247609,11.846709593,12.741827743
1024,65,0.009275520,0.005965312,0.001719040,0.001577088,17.577890298,9.759642386,10.638097568
1024,66,0.009283712,0.005920192,0.001716608,0.001630176,17.711858697,9.773469270,10.291659633
1024,67,0.008960992,0.005947456,0.001447392,0.001551456,17.630664617,11.591342326,10.813852455
1024,68,0.008718656,0.005960640,0.001427360,0.001316576,17.591668146,11.754018132,12.743066825
1024,69,0.008773792,0.005962688,0.001438656,0.001358848,17.585625903,11.661728948,12.346646792
1024,70,0.009027680,0.006003680,0.001426496,0.001583424,17.465553793,11.761137543,10.595529874
1024,71,0.009355648,0.005926848,0.001784032,0.001630208,17.691967325,9.404100442,10.291457189
1024,72,0.009041472,0.005927552,0.001753408,0.001344928,17.689865235,9.568347144,12.474434076
1024,73,0.009671776,0.006456736,0.001620128,0.001579904,16.240031894,10.355487734,10.619136620
1024,74,0.009295968,0.006255552,0.001518592,0.001507840,16.762326186,11.047875927,11.126655072
1024,75,0.009158528,0.006368672,0.001438720,0.001336800,16.464594462,11.661210063,12.550281464
1024,76,0.009573536,0.006539200,0.001531904,0.001488032,16.035234087,10.951871785,11.274768411
1024,77,0.009500768,0.006641824,0.001508000,0.001336768,15.787470980,11.125474681,12.550581409
1024,78,0.009669056,0.006659872,0.001579808,0.001411136,15.744686855,10.619781666,11.889155708
1024,79,0.009617856,0.006655968,0.001525440,0.001419744,15.753921446,10.998280002,11.817071124
1024,80,0.009704576,0.006643744,0.001553120,0.001492224,15.782907970,10.802266287,11.243095036
1024,81,0.009637152,0.006629536,0.001581248,0.001411584,15.816732513,10.610110193,11.885382497
1024,82,0.009688224,0.006656832,0.001529248,0.001488032,15.751876653,10.970892889,11.274768411
1024,83,0.009605536,0.006545632,0.001599872,0.001446080,16.019477085,10.486598973,11.601859064
1024,84,0.009513760,0.006525952,0.001541728,0.001430624,16.067786311,10.882085417,11.727201490
1024,85,0.009371232,0.006611232,0.001423712,0.001321408,15.860523895,11.784135992,12.696468900
1024,86,0.009575584,0.006567680,0.001581600,0.001412384,15.965698981,10.607749445,11.878650286
1024,87,0.009635040,0.006530080,0.001621568,0.001469664,16.057629086,10.346292210,11.415681581
1024,88,0.009536000,0.006555904,0.001527424,0.001436608,15.994377193,10.983994126,11.678353805
1024,89,0.009327936,0.006255200,0.001488864,0.001568576,16.763269204,11.268468188,10.695826171
1024,90,0.009140800,0.006370176,0.001418432,0.001337600,16.460707312,11.828001647,12.542775188
1024,91,0.009097440,0.006274720,0.001492256,0.001315040,16.711119666,11.242853431,12.757951163
1024,92,0.008733056,0.005938912,0.001451520,0.001327744,17.656028832,11.558377695,12.635881548
1024,93,0.008912640,0.005968704,0.001439616,0.001490176,17.567900179,11.653952449,11.258546925
1024,94,0.008955616,0.005944736,0.001671552,0.001324608,17.638731128,10.036909754,12.665797278
1024,95,0.008952864,0.005967968,0.001533824,0.001436608,17.570067438,10.938162632,11.678353805
1024,96,0.008967040,0.005924768,0.001609760,0.001416480,17.698178311,10.422184376,11.844301825
1024,97,0.008936480,0.005954624,0.001540448,0.001426624,17.609440479,10.891128127,11.760083035
1024,98,0.009399072,0.006534144,0.001530144,0.001319712,16.047641620,10.964468874,12.712785408
1024,99,0.009496512,0.006593312,0.001514816,0.001373120,15.903631345,11.075414765,12.218317851
2048,0,0.037566048,0.026343679,0.005569792,0.005637728,17.513629456,12.048720398,11.903529480
2048,1,0.037530880,0.026296928,0.005567232,0.005651360,17.544765414,12.054260072,11.874816608
2048,2,0.037824352,0.026316032,0.005561120,0.005931360,17.532028872,12.067508631,11.314246079
2048,3,0.041049122,0.030079008,0.005736352,0.005217440,15.338718565,11.698874893,12.862411901
2048,4,0.041176609,0.030054560,0.005547552,0.005558400,15.351196108,12.097022738,12.073413597
2048,5,0.041551041,0.030052193,0.005731776,0.005750496,15.352405223,11.708214211,11.670100291
2048,6,0.042181759,0.029419647,0.006006784,0.006738720,15.682493967,11.172178727,9.958696102
2048,7,0.041325474,0.028571615,0.006106304,0.006631488,16.147964911,10.990095178,10.119729622
2048,8,0.040986111,0.028503424,0.005920992,0.006545920,16.186597267,11.334057732,10.252014243
2048,9,0.040924606,0.028413792,0.005623040,0.006872608,16.237658303,11.934622841,9.764686447
2048,10,0.044072735,0.031539968,0.005563424,0.006952576,14.628214994,12.062510905,9.652373804
2048,11,0.040694206,0.028394272,0.005635168,0.006649184,16.248820974,11.908937427,10.092796606
2048,12,0.040447968,0.027889889,0.006452704,0.006088448,16.542677668,10.400115129,11.022326786
2048,13,0.040092510,0.027590816,0.006484448,0.006000896,16.721992988,10.349202346,11.183140694
2048,14,0.039476513,0.026747007,0.006023680,0.006690240,17.249535008,11.140841090,10.030860618
2048,15,0.039394592,0.027351456,0.006794464,0.005232320,16.868332174,9.876991460,12.825833695
2048,16,0.038318913,0.026754944,0.006324032,0.005224256,17.244418177,10.611721415,12.845630747
2048,17,0.039724289,0.027626656,0.005951200,0.006132128,16.700300139,11.276526399,10.943813731
2048,18,0.039743839,0.026490496,0.007481632,0.005755424,17.416565003,8.969815932,11.660107706
2048,19,0.038004894,0.026558241,0.005674208,0.005757088,17.372138535,11.827000712,11.656737200
2048,20,0.037402527,0.026313408,0.005750976,0.005322272,17.533777525,11.669125901,12.609063614
2048,21,0.037741249,0.026294945,0.006220224,0.005210624,17.546088960,10.788818062,12.879236958
2048,22,0.037441856,0.026311169,0.005559584,0.005555968,17.535269747,12.070842405,12.078699215
2048,23,0.039537281,0.028505217,0.005739552,0.005277184,16.185579170,11.692352252,12.716794389
2048,24,0.043175678,0.031034592,0.005579904,0.006545152,14.866425337,12.026884879,10.253216744
2048,25,0.043888191,0.033082878,0.005574848,0.005213600,13.945988569,12.037792222,12.871885445
2048,26,0.040782398,0.030077536,0.005508448,0.005182016,15.339469486,12.182898430,12.950339279
2048,27,0.041033054,0.029479136,0.005572544,0.005963936,15.650847013,12.042769482,11.252445644
2048,28,0.040621506,0.029426081,0.005746208,0.005433408,15.679065270,11.678808315,12.351155421
2048,29,0.041016449,0.029491392,0.006086560,0.005423168,15.644342521,11.025746318,12.374475905
2048,30,0.043628735,0.032010754,0.006172672,0.005429280,14.413076471,10.871931350,12.360546227
2048,31,0.042394978,0.030825727,0.005764800,0.005786976,14.967154970,11.641143347,11.596534290
2048,32,0.042620705,0.030749760,0.005875904,0.005978208,15.004131573,11.421027820,11.225581858
2048,33,0.042852352,0.030796736,0.006795776,0.005243392,14.981244881,9.875084918,12.798750145
2048,34,0.040091934,0.028517792,0.005873920,0.005682560,16.178442008,11.424885666,11.809618269
2048,35,0.039017887,0.027431105,0.005876448,0.005693952,16.819353275,11.419970403,11.785990295
2048,36,0.039844158,0.027334433,0.006348640,0.006144096,16.878837279,10.570589035,10.922496185
2048,37,0.039218433,0.027325024,0.006441568,0.005436672,16.884649246,10.418094642,12.343739221
2048,38,0.038297440,0.027022848,0.005597728,0.005661536,17.073457165,11.988590137,11.853472526
2048,39,0.038505054,0.027084385,0.005911520,0.005493568,17.034665598,11.352218034,12.215897699
2048,40,0.037744736,0.027028128,0.005528768,0.005171648,17.070122120,12.138122497,12.976301494
2048,41,0.040418785,0.028267073,0.005586080,0.006551008,16.321939143,12.013587902,10.244051251
2048,42,0.038911362,0.027863745,0.005518656,0.005512928,16.558199351,12.160364174,12.172998430
2048,43,0.037627327,0.026491167,0.005667680,0.005453216,17.416123601,11.840623769,12.306291015
2048,44,0.037183071,0.026473057,0.005531040,0.005162176,17.428038009,12.133136205,13.000111248
2048,45,0.037417599,0.026552511,0.005578752,0.005269408,17.375887209,12.029368488,12.735559881
2048,46,0.040167583,0.028852608,0.005518336,0.005781472,15.990701581,12.161069242,11.607573574
2048,47,0.042899010,0.031021889,0.005787200,0.006075936,14.872512888,11.596085205,11.045025122
2048,48,0.040586720,0.028384640,0.005988576,0.006196896,16.254334888,11.206147292,10.829431892
2048,49,0.039468258,0.027849825,0.006263808,0.005339456,16.566475429,10.713748957,12.568483189
2048,50,0.038063328,0.027024511,0.005837856,0.005186656,17.072406388,11.495464451,12.938753606
2048,51,0.041920288,0.027009121,0.007620608,0.007274144,17.082134624,8.806235053,9.225671420
2048,52,0.040247871,0.027004959,0.006943424,0.006283840,17.084767216,9.665096331,10.679594338
2048,53,0.041309280,0.028649504,0.006265728,0.006378016,16.104063955,10.710465573,10.521902744
2048,54,0.041725086,0.029473536,0.006327104,0.005908096,15.653820676,10.606568665,11.358797463
2048,55,0.041978081,0.029420544,0.006441792,0.006099104,15.682016117,10.417732190,11.003069434
2048,56,0.042137440,0.029502848,0.006431552,0.006187040,15.638268046,10.434318917,10.846683649
2048,57,0.042224930,0.029516096,0.006467840,0.006225984,15.631248733,10.375776454,10.778836399
2048,58,0.041076351,0.029434719,0.005963296,0.005663712,15.674463842,11.253653133,11.848918820
2048,59,0.041431072,0.029466305,0.005961600,0.005986944,15.657661979,11.256854863,11.209201518
2048,60,0.047200577,0.032294910,0.007584960,0.007303680,14.286258542,8.847622683,9.188363198
2048,61,0.045538815,0.033545246,0.006306496,0.005669408,13.753765237,10.641228104,11.837014701
2048,62,0.045607456,0.030766848,0.007583648,0.007240224,14.995798264,8.849153097,9.268893486
2048,63,0.042900352,0.030792095,0.005926848,0.006165376,14.983502657,11.322859088,10.884796316
2048,64,0.042593246,0.030555008,0.005928192,0.006094304,15.099765020,11.320291656,11.011735395
2048,65,0.041835522,0.030052929,0.005939424,0.005827744,15.352029120,11.298884129,11.515410409
2048,66,0.044490082,0.030066401,0.007074144,0.007333088,15.345150464,9.486499720,9.151514985
2048,67,0.041511646,0.030366528,0.005754080,0.005374688,15.193486945,11.662831611,12.486094476
2048,68,0.043653854,0.030015455,0.006808128,0.006813792,15.371195813,9.857168546,9.848974220
2048,69,0.040693089,0.029460287,0.005761088,0.005456128,15.660860280,11.648644358,12.299722902
2048,70,0.040687199,0.029445120,0.005753888,0.005472032,15.668927219,11.663220153,12.263974907
2048,71,0.040660160,0.029432352,0.005737120,0.005475520,15.675724419,11.697308445,12.256162402
2048,72,0.040912609,0.028598623,0.006012064,0.006284992,16.132715045,11.162366905,10.677636769
2048,73,0.039044289,0.027895264,0.005644608,0.005488608,16.539490195,11.889021125,12.226937217
2048,74,0.038809536,0.027881311,0.005619904,0.005292352,16.547766822,11.941282895,12.680347314
2048,75,0.038481697,0.027369600,0.005648000,0.005447456,16.857149356,11.881881517,12.319303807
2048,76,0.037992287,0.027018816,0.005675040,0.005279328,17.076005111,11.825267618,12.711630279
2048,77,0.038018242,0.027060160,0.005644000,0.005298176,17.049915647,11.890301801,12.666409418
2048,78,0.038157150,0.027039776,0.005778816,0.005323104,17.062768663,11.612908493,12.607092629
2048,79,0.041245056,0.030088097,0.005828416,0.005312896,15.334085298,11.514082984,12.631315735
2048,80,0.038846912,0.027648735,0.005702944,0.005478976,16.686963770,11.767407559,12.248432332
2048,81,0.038689377,0.027288481,0.005850336,0.005532288,16.907260030,11.470941693,12.130399411
2048,82,0.038731838,0.027379423,0.005931264,0.005404640,16.851101560,11.314428908,12.416897618
2048,83,0.038570881,0.027310240,0.005638112,0.005607424,16.893789418,11.902719064,11.967860216
2048,84,0.040645855,0.028922239,0.006062848,0.005645536,15.952203256,11.068867798,11.887066993
2048,85,0.040432064,0.029425024,0.005582400,0.005408128,15.679628315,12.021507929,12.408890224
2048,86,0.044407906,0.029522240,0.007647808,0.007220320,15.627995874,8.774914765,9.294444278
2048,87,0.041019234,0.028504864,0.006794304,0.005697728,16.185779530,9.877224370,11.778179329
2048,88,0.043411488,0.028518335,0.007531328,0.007343936,16.178133627,8.910628007,9.137996887
2048,89,0.041919041,0.028520864,0.006911040,0.006472448,16.176698999,9.710385942,10.368390032
2048,90,0.042689182,0.029407425,0.006772960,0.006493632,15.689011913,9.908350582,10.334565565
2048,91,0.045584064,0.030741119,0.007660928,0.007165472,15.008348727,8.759887313,9.365588717
2048,92,0.042521408,0.029481089,0.006696352,0.006327744,15.649810143,10.021704945,10.605496038
2048,93,0.044340321,0.029446016,0.007487392,0.007390912,15.668450194,8.962915854,9.079916456
2048,94,0.040945953,0.028525185,0.006468480,0.005935552,16.174249035,10.374749996,11.306254691
2048,95,0.043159393,0.028551840,0.007354144,0.007237088,16.159149210,9.125312629,9.272909506
2048,96,0.041553665,0.028412352,0.006956000,0.006168576,16.238481290,9.647622978,10.879150483
2048,97,0.039876961,0.027616575,0.006289824,0.005953888,16.706395922,10.669434297,11.271435520
2048,98,0.039895008,0.027711489,0.006241792,0.005924224,16.649175531,10.751537672,11.327874357
2048,99,0.039716736,0.027626305,0.006229664,0.005844928,16.700512292,10.772469531,11.481555707
4096,0,0.198081863,0.151977570,0.023309631,0.022776096,13.247125385,11.516074707,11.785841259
4096,1,0.159854874,0.107118652,0.030302240,0.022417856,18.794727864,8.858600972,11.974180466
4096,2,0.158528549,0.105678467,0.026031551,0.026801472,19.050862309,10.311926949,10.015698351
4096,3,0.154764771,0.105056221,0.024327583,0.025366207,19.163700166,11.034201488,10.582404169
4096,4,0.154190521,0.106254593,0.023355553,0.024564064,18.947566078,11.493431980,10.927974122
4096,5,0.150954971,0.104325470,0.022842688,0.023766848,19.297932907,11.751483040,11.294533478
4096,6,0.150975525,0.105424004,0.022879776,0.022655041,19.096845607,11.732433744,11.848818065
4096,7,0.150403641,0.105608704,0.022646849,0.022130816,19.063446961,11.853104148,12.129487769
4096,8,0.150631012,0.106461952,0.022405727,0.021745665,18.910661304,11.980662416,12.344320626
4096,9,0.149599365,0.105546173,0.022544064,0.021492607,19.074741044,11.907145985,12.489664681
4096,10,0.152622879,0.106774429,0.024063488,0.021766369,18.855318945,11.155301174,12.332578652
4096,11,0.148858688,0.105343681,0.022070976,0.021428608,19.111406536,12.162373466,12.526966602
4096,12,0.149884857,0.105196220,0.022097792,0.022573408,19.138196338,12.147614567,11.891667155
4096,13,0.150661346,0.105551811,0.023934689,0.021157984,19.073722154,11.215331055,12.687194526
4096,14,0.152395172,0.107110046,0.023904352,0.021365055,18.796237962,11.229564135,12.564229530
4096,15,0.152558624,0.106788445,0.022356352,0.023397408,18.852844323,12.007122529,11.472871755
4096,16,0.157914627,0.105572510,0.030831009,0.021495617,19.069982560,8.706671156,12.487915889
4096,17,0.156035461,0.105205597,0.025291424,0.025522240,19.136490632,10.613694909,10.517707666
4096,18,0.155132996,0.105581314,0.024878529,0.024656960,19.068392333,10.789844543,10.886802796
4096,19,0.153256958,0.105687614,0.023642624,0.023909599,19.049213388,11.353877519,11.227099734
4096,20,0.153120514,0.105356163,0.023877728,0.023870081,19.109142381,11.242085576,11.245686874
4096,21,0.151540604,0.105242241,0.023383713,0.022899136,19.129827555,11.479590887,11.722514806
4096,22,0.155230560,0.105463936,0.023756479,0.025992928,19.089614888,11.299462897,10.327249806
4096,23,0.154868027,0.105356834,0.023396065,0.026097889,19.109020608,11.473530219,10.285715314
4096,24,0.158509796,0.105761215,0.025925472,0.026806944,19.035956764,10.354120199,10.013653815
4096,25,0.159456451,0.106928253,0.026022911,0.026488993,18.828194235,10.315350779,10.133849147
4096,26,0.159080063,0.106533409,0.025929440,0.026600832,18.897977045,10.352535987,10.091242866
4096,27,0.156066788,0.105486496,0.025276287,0.025287935,19.085532242,10.620050926,10.615159098
4096,28,0.154688354,0.105280861,0.025109665,0.024279903,19.122810193,10.690523226,11.055870011
4096,29,0.175776031,0.127621727,0.023796225,0.024340927,15.775259962,11.280590118,11.028152487
4096,30,0.162531769,0.116154945,0.022857183,0.023500704,17.332588927,11.744030340,11.422443266
4096,31,0.153496124,0.106781693,0.022857216,0.023841345,18.854036425,11.744013680,11.259241367
4096,32,0.151103455,0.105716637,0.022783552,0.022586847,19.043983839,11.781984389,11.884591611
4096,33,0.150787033,0.106277824,0.022513887,0.021978144,18.943424288,11.923105556,12.213745608
4096,34,0.149631226,0.105528961,0.022398720,0.021687231,19.077852160,11.984410651,12.377580854
4096,35,0.149173538,0.105628319,0.022122623,0.021406561,19.059906880,12.133979349,12.539868374
4096,36,0.150491196,0.106775139,0.022072800,0.021627329,18.855193649,12.161368737,12.411863600
4096,37,0.152151489,0.105566399,0.022145727,0.024423872,19.071086504,12.121320474,10.990700249
4096,38,0.161045883,0.106115005,0.029505695,0.025408768,18.972490372,9.097750549,10.564678270
4096,39,0.159632126,0.106310432,0.026264256,0.027041056,18.937613872,10.220562154,9.926959183
4096,40,0.159901855,0.106615517,0.026275936,0.026994560,18.883423192,10.216018745,9.944057380
4096,41,0.156512512,0.105385986,0.025323551,0.025788671,19.103734663,10.600229569,10.409045540
4096,42,0.153095291,0.106306946,0.023638496,0.023134304,18.938234984,11.355860012,11.603351260
4096,43,0.151663010,0.106439041,0.022924641,0.022278561,18.914731836,11.709472791,12.049048426
4096,44,0.150783417,0.106327072,0.022426785,0.021982880,18.934650220,11.969413440,12.211114304
4096,45,0.155095047,0.105646591,0.025532320,0.023900160,19.056610321,10.513555202,11.231533925
4096,46,0.151939041,0.105828255,0.024910400,0.021184383,19.023897972,10.776039397,12.671383964
4096,47,0.151111359,0.105577057,0.024311617,0.021189793,19.069161231,11.041448092,12.668149266
4096,48,0.149037857,0.105542175,0.022377888,0.021100897,19.075463571,11.995567200,12.721518810
4096,49,0.153294174,0.105559677,0.023504065,0.024216352,19.072300852,11.420810018,11.084883919
4096,50,0.176063751,0.130707169,0.023857344,0.021480703,15.402873017,11.251690870,12.496585963
4096,51,0.154650497,0.110488831,0.022536160,0.021609472,18.221442925,11.911322149,12.422119920
4096,52,0.153313858,0.105839294,0.022553185,0.024904800,19.021913655,11.902330506,10.778462446
4096,53,0.154462433,0.106748512,0.025613983,0.022083809,18.859896754,10.480035627,12.155306054
4096,54,0.152351074,0.106004158,0.022927521,0.023402975,18.992329712,11.708001877,11.470142367
4096,55,0.151374207,0.106160446,0.022355743,0.022840511,18.964369430,12.007449321,11.752602742
4096,56,0.153669571,0.105902435,0.026050465,0.021700544,19.010572460,10.304440240,12.369987203
4096,57,0.188588135,0.144686554,0.022131041,0.021752064,13.914671854,12.129364415,12.340689098
4096,58,0.151505951,0.105651260,0.023171808,0.022666271,19.055768127,11.584570923,11.842947325
4096,59,0.149028061,0.105509407,0.022363297,0.021138657,19.081387873,12.003393860,12.698794482
4096,60,0.150787704,0.106744225,0.022227297,0.021800385,18.860654321,12.076837686,12.313335838
4096,61,0.149630280,0.106545280,0.022046335,0.021024063,18.895871421,12.175967267,12.768010379
4096,62,0.148269211,0.105479774,0.021984833,0.020787359,19.086748431,12.210029473,12.913398616
4096,63,0.150688995,0.105534691,0.022407040,0.022731615,19.076816388,11.979960775,11.808903820
4096,64,0.151154617,0.105706978,0.024230240,0.021203169,19.045723954,11.078530690,12.660157435
4096,65,0.150517242,0.107284515,0.022107872,0.021108225,18.765671009,12.142075723,12.717102346
4096,66,0.180550751,0.134564926,0.022980543,0.022987648,14.961297699,11.680988321,11.677378037
4096,67,0.164449829,0.118967972,0.022531263,0.022934879,16.922755675,11.913910543,11.704245418
4096,68,0.153709732,0.106951614,0.024952032,0.021780577,18.824081634,10.758059906,12.324533901
4096,69,0.149838211,0.105607491,0.022905727,0.021303104,19.063665936,11.719141308,12.600767050
4096,70,0.149032639,0.106175331,0.021956608,0.020884705,18.961710774,12.225725313,12.853208186
4096,71,0.176043716,0.133005478,0.022023169,0.020998753,15.136714305,12.188775435,12.783400100
4096,72,0.163679047,0.117399902,0.023066175,0.023194559,17.148787008,11.637623084,11.573207961
4096,73,0.153374207,0.106153252,0.022525761,0.024679808,18.965654737,11.916820931,10.876723987
4096,74,0.154723648,0.106694145,0.024241344,0.023753088,18.869507002,11.073455787,11.301076139
4096,75,0.160259323,0.106111038,0.026633760,0.027497696,18.973199716,10.078766627,9.762107224
4096,76,0.160272537,0.106439362,0.026603872,0.027212000,18.914674893,10.090089630,9.864598598
4096,77,0.159514938,0.106222626,0.026141632,0.027134624,18.953268253,10.268504093,9.892727876
4096,78,0.154978439,0.105680893,0.023850080,0.025432224,19.050424953,11.255117404,10.554934288
4096,79,0.153470718,0.105761917,0.023243967,0.024448769,19.035830429,11.548607660,10.979508221
4096,80,0.153829758,0.105632286,0.025003744,0.023177088,19.059191038,10.735810391,11.581932057
4096,81,0.150859711,0.105573982,0.022970560,0.022294624,19.069716585,11.686064908,12.040366863
4096,82,0.150328094,0.106436707,0.022267073,0.021608288,18.915146714,12.055264735,12.422800841
4096,83,0.149739975,0.105713501,0.022368864,0.021641216,19.044548723,12.000406247,12.403898771
4096,84,0.150484161,0.106614174,0.022418367,0.021431232,18.883661023,11.973907438,12.525432525
4096,85,0.148694626,0.105565697,0.022059999,0.021051008,19.071213307,12.168425317,12.751667433
4096,86,0.150084061,0.106642845,0.022221024,0.021203297,18.878584092,12.080247126,12.660081132
4096,87,0.152876892,0.106676895,0.022203648,0.023979584,18.872558274,12.089700786,11.194333434
4096,88,0.153164032,0.106046753,0.025944193,0.021156672,18.984701223,10.346648947,12.687981458
4096,89,0.151013916,0.106839554,0.022377504,0.021781441,18.843825604,11.995772711,12.324045010
4096,90,0.159968765,0.106498528,0.026412704,0.027041281,18.904166722,10.163118901,9.926876560
4096,91,0.157276550,0.105896675,0.025608255,0.025755808,19.011606530,10.482379684,10.422327162
4096,92,0.155992996,0.107232323,0.023928864,0.024815359,18.774804736,11.218061222,10.817310954
4096,93,0.154284576,0.105751488,0.023592064,0.024924929,19.037707773,11.378209939,10.769758245
4096,94,0.153188705,0.106040382,0.023024832,0.024107616,18.985841759,11.658519752,11.134881660
4096,95,0.150815964,0.105613693,0.022799295,0.022387648,19.062546326,11.773848752,11.990337728
4096,96,0.149634491,0.105863586,0.022454048,0.021300673,19.017548791,11.954880213,12.602205663
4096,97,0.149316101,0.106082367,0.022198656,0.021015392,18.978327671,12.092419244,12.773278373
4096,98,0.152310425,0.106233154,0.024817408,0.021244576,18.951389830,10.816418066,12.635482220
4096,99,0.150055939,0.106743523,0.022256256,0.021039583,18.860778342,12.061123612,12.758591906
